Players,MP,FG,FGA,FG%,3P,3PA,3P%,FT,FTA,FT%,ORB,DRB,TRB,AST,STL,BLK,TOV,PF,PTS,+/-,MP,TS%,eFG%,3PAr,FTr,ORB%,DRB%,TRB%,AST%,STL%,BLK%,TOV%,USG%,ORtg,DRtg,BPM
James Harden,36:15,4,11,.364,2,8,.250,4,4,1.000,0,6,6,8,1,1,5,1,14,+8,36:15,.549,.455,.727,.364,0.0,16.2,8.6,33.4,1.3,1.8,28.2,22.5,94,105,-2.2
Paul George,36:11,14,24,.583,4,13,.308,1,1,1.000,0,5,5,3,3,0,1,3,33,+2,36:11,.675,.667,.542,.042,0.0,13.5,7.2,21.6,3.9,0.0,3.9,32.3,121,101,10.2
Kawhi Leonard,35:17,7,18,.389,3,7,.429,7,7,1.000,0,4,4,5,2,0,3,2,24,+2,35:17,.569,.472,.389,.389,0.0,11.1,5.9,24.8,2.7,0.0,12.5,31.4,104,105,1.9
Terance Mann,23:37,0,3,.000,0,2,.000,2,2,1.000,0,3,3,1,0,0,0,2,2,+3,23:37,.258,.000,.667,.667,0.0,12.4,6.6,5.5,0.0,0.0,0.0,7.6,65,110,-9.3
Ivica Zubac,19:47,2,3,.667,0,0,,2,2,1.000,0,5,5,1,0,2,0,0,6,-11,19:47,.773,.667,.000,.667,0.0,24.8,13.2,7.5,0.0,6.7,0.0,9.0,159,101,4.7
Russell Westbrook,27:30,5,10,.500,2,4,.500,1,2,.500,0,3,3,2,1,0,1,1,13,+10,27:30,.597,.600,.400,.200,0.0,10.7,5.7,12.3,1.7,0.0,8.4,19.9,106,107,-0.5
Amir Coffey,26:44,3,8,.375,2,5,.400,4,4,1.000,0,1,1,0,1,1,0,1,12,+5,26:44,.615,.500,.625,.500,0.0,3.7,2.0,0.0,1.8,2.5,0.0,16.8,118,108,1.0
Norman Powell,23:00,1,3,.333,0,0,,0,0,,0,3,3,0,1,1,0,2,2,+10,23:00,.333,.333,.000,.000,0.0,12.8,6.8,0.0,2.0,2.9,0.0,6.0,62,103,-5.3
Mason Plumlee,11:39,1,2,.500,0,0,,4,4,1.000,0,5,5,0,0,1,1,1,6,+1,11:39,.798,.500,.000,2.000,0.0,42.0,22.4,0.0,0.0,5.7,21.0,18.8,128,95,1.5
Brandon Boston Jr.,Did Not Play,Did Not Play,Did Not Play,Did Not Play,Did Not Play,Did Not Play,Did Not Play,Did Not Play,Did Not Play,Did Not Play,Did Not Play,Did Not Play,Did Not Play,Did Not Play,Did Not Play,Did Not Play,Did Not Play,Did Not Play,Did Not Play,Did Not Play,Did Not Play,Did Not Play,Did Not Play,Did Not Play,Did Not Play,Did Not Play,Did Not Play,Did Not Play,Did Not Play,Did Not Play,Did Not Play,Did Not Play,Did Not Play,Did Not Play,Did Not Play,Did Not Play
Kobe Brown,Did Not Play,Did Not Play,Did Not Play,Did Not Play,Did Not Play,Did Not Play,Did Not Play,Did Not Play,Did Not Play,Did Not Play,Did Not Play,Did Not Play,Did Not Play,Did Not Play,Did Not Play,Did Not Play,Did Not Play,Did Not Play,Did Not Play,Did Not Play,Did Not Play,Did Not Play,Did Not Play,Did Not Play,Did Not Play,Did Not Play,Did Not Play,Did Not Play,Did Not Play,Did Not Play,Did Not Play,Did Not Play,Did Not Play,Did Not Play,Did Not Play,Did Not Play
Bones Hyland,Did Not Play,Did Not Play,Did Not Play,Did Not Play,Did Not Play,Did Not Play,Did Not Play,Did Not Play,Did Not Play,Did Not Play,Did Not Play,Did Not Play,Did Not Play,Did Not Play,Did Not Play,Did Not Play,Did Not Play,Did Not Play,Did Not Play,Did Not Play,Did Not Play,Did Not Play,Did Not Play,Did Not Play,Did Not Play,Did Not Play,Did Not Play,Did Not Play,Did Not Play,Did Not Play,Did Not Play,Did Not Play,Did Not Play,Did Not Play,Did Not Play,Did Not Play
Jordan Miller,Did Not Play,Did Not Play,Did Not Play,Did Not Play,Did Not Play,Did Not Play,Did Not Play,Did Not Play,Did Not Play,Did Not Play,Did Not Play,Did Not Play,Did Not Play,Did Not Play,Did Not Play,Did Not Play,Did Not Play,Did Not Play,Did Not Play,Did Not Play,Did Not Play,Did Not Play,Did Not Play,Did Not Play,Did Not Play,Did Not Play,Did Not Play,Did Not Play,Did Not Play,Did Not Play,Did Not Play,Did Not Play,Did Not Play,Did Not Play,Did Not Play,Did Not Play
Daniel Theis,Did Not Play,Did Not Play,Did Not Play,Did Not Play,Did Not Play,Did Not Play,Did Not Play,Did Not Play,Did Not Play,Did Not Play,Did Not Play,Did Not Play,Did Not Play,Did Not Play,Did Not Play,Did Not Play,Did Not Play,Did Not Play,Did Not Play,Did Not Play,Did Not Play,Did Not Play,Did Not Play,Did Not Play,Did Not Play,Did Not Play,Did Not Play,Did Not Play,Did Not Play,Did Not Play,Did Not Play,Did Not Play,Did Not Play,Did Not Play,Did Not Play,Did Not Play
P.J. Tucker,Did Not Play,Did Not Play,Did Not Play,Did Not Play,Did Not Play,Did Not Play,Did Not Play,Did Not Play,Did Not Play,Did Not Play,Did Not Play,Did Not Play,Did Not Play,Did Not Play,Did Not Play,Did Not Play,Did Not Play,Did Not Play,Did Not Play,Did Not Play,Did Not Play,Did Not Play,Did Not Play,Did Not Play,Did Not Play,Did Not Play,Did Not Play,Did Not Play,Did Not Play,Did Not Play,Did Not Play,Did Not Play,Did Not Play,Did Not Play,Did Not Play,Did Not Play
Team Totals,240,37,82,.451,13,39,.333,25,26,.962,0,35,35,20,9,6,11,13,112,,240,.599,.530,.476,.317,0.0,71.4,38.0,54.1,8.8,8.3,10.5,100.0,109.4,103.5,
