Players,MP,FG,FGA,FG%,3P,3PA,3P%,FT,FTA,FT%,ORB,DRB,TRB,AST,STL,BLK,TOV,PF,PTS,+/-,MP,TS%,eFG%,3PAr,FTr,ORB%,DRB%,TRB%,AST%,STL%,BLK%,TOV%,USG%,ORtg,DRtg,BPM
Jayson Tatum,38:39,13,22,.591,3,8,.375,5,6,.833,0,11,11,4,2,1,4,3,34,0,38:39,.690,.659,.364,.273,0.0,24.4,14.7,23.8,2.6,2.2,14.0,35.1,122,102,10.7
Jaylen Brown,38:08,4,11,.364,0,4,.000,3,4,.750,0,6,6,5,1,0,2,5,11,+8,38:08,.431,.364,.364,.364,0.0,13.5,8.1,19.7,1.3,0.0,13.6,18.3,94,112,-5.7
Kristaps Porziņģis,37:54,8,15,.533,5,9,.556,9,10,.900,1,7,8,0,0,4,1,4,30,+13,37:54,.773,.700,.600,.667,3.4,15.8,10.9,0.0,0.0,9.0,4.9,25.5,150,109,11.7
Jrue Holiday,34:47,4,10,.400,1,5,.200,0,0,,2,2,4,2,0,3,2,3,9,+3,34:47,.450,.450,.500,.000,7.5,4.9,5.9,8.8,0.0,7.4,16.7,16.3,92,116,-2.7
Derrick White,31:56,4,6,.667,1,3,.333,3,4,.750,0,6,6,2,2,1,1,3,12,+7,31:56,.773,.750,.500,.667,0.0,16.1,9.7,9.7,3.2,2.7,11.4,13.0,142,105,5.7
Al Horford,25:47,3,4,.750,2,3,.667,0,0,,3,4,7,2,0,0,3,2,8,-7,25:47,1.000,1.000,.750,.000,15.1,13.3,14.0,11.9,0.0,0.0,42.9,12.8,125,116,2.2
Sam Hauser,13:47,0,4,.000,0,4,.000,0,0,,0,2,2,0,1,1,0,1,0,+5,13:47,.000,.000,1.000,.000,0.0,12.4,7.5,0.0,3.7,6.2,0.0,13.7,0,104,-10.4
Payton Pritchard,11:02,1,4,.250,0,3,.000,2,2,1.000,0,1,1,1,0,0,0,1,4,-8,11:02,.410,.250,.750,.500,0.0,7.8,4.7,13.3,0.0,0.0,0.0,20.9,100,119,-7.9
Luke Kornet,8:00,0,1,.000,0,0,,0,0,,1,0,1,2,0,1,0,0,0,-1,8:00,.000,.000,.000,.000,16.2,0.0,6.5,32.4,0.0,10.7,0.0,5.9,123,119,7.8
Dalano Banton,Did Not Play,Did Not Play,Did Not Play,Did Not Play,Did Not Play,Did Not Play,Did Not Play,Did Not Play,Did Not Play,Did Not Play,Did Not Play,Did Not Play,Did Not Play,Did Not Play,Did Not Play,Did Not Play,Did Not Play,Did Not Play,Did Not Play,Did Not Play,Did Not Play,Did Not Play,Did Not Play,Did Not Play,Did Not Play,Did Not Play,Did Not Play,Did Not Play,Did Not Play,Did Not Play,Did Not Play,Did Not Play,Did Not Play,Did Not Play,Did Not Play,Did Not Play
Oshae Brissett,Did Not Play,Did Not Play,Did Not Play,Did Not Play,Did Not Play,Did Not Play,Did Not Play,Did Not Play,Did Not Play,Did Not Play,Did Not Play,Did Not Play,Did Not Play,Did Not Play,Did Not Play,Did Not Play,Did Not Play,Did Not Play,Did Not Play,Did Not Play,Did Not Play,Did Not Play,Did Not Play,Did Not Play,Did Not Play,Did Not Play,Did Not Play,Did Not Play,Did Not Play,Did Not Play,Did Not Play,Did Not Play,Did Not Play,Did Not Play,Did Not Play,Did Not Play
Svi Mykhailiuk,Did Not Play,Did Not Play,Did Not Play,Did Not Play,Did Not Play,Did Not Play,Did Not Play,Did Not Play,Did Not Play,Did Not Play,Did Not Play,Did Not Play,Did Not Play,Did Not Play,Did Not Play,Did Not Play,Did Not Play,Did Not Play,Did Not Play,Did Not Play,Did Not Play,Did Not Play,Did Not Play,Did Not Play,Did Not Play,Did Not Play,Did Not Play,Did Not Play,Did Not Play,Did Not Play,Did Not Play,Did Not Play,Did Not Play,Did Not Play,Did Not Play,Did Not Play
Neemias Queta,Did Not Play,Did Not Play,Did Not Play,Did Not Play,Did Not Play,Did Not Play,Did Not Play,Did Not Play,Did Not Play,Did Not Play,Did Not Play,Did Not Play,Did Not Play,Did Not Play,Did Not Play,Did Not Play,Did Not Play,Did Not Play,Did Not Play,Did Not Play,Did Not Play,Did Not Play,Did Not Play,Did Not Play,Did Not Play,Did Not Play,Did Not Play,Did Not Play,Did Not Play,Did Not Play,Did Not Play,Did Not Play,Did Not Play,Did Not Play,Did Not Play,Did Not Play
Lamar Stevens,Did Not Play,Did Not Play,Did Not Play,Did Not Play,Did Not Play,Did Not Play,Did Not Play,Did Not Play,Did Not Play,Did Not Play,Did Not Play,Did Not Play,Did Not Play,Did Not Play,Did Not Play,Did Not Play,Did Not Play,Did Not Play,Did Not Play,Did Not Play,Did Not Play,Did Not Play,Did Not Play,Did Not Play,Did Not Play,Did Not Play,Did Not Play,Did Not Play,Did Not Play,Did Not Play,Did Not Play,Did Not Play,Did Not Play,Did Not Play,Did Not Play,Did Not Play
Jordan Walsh,Did Not Play,Did Not Play,Did Not Play,Did Not Play,Did Not Play,Did Not Play,Did Not Play,Did Not Play,Did Not Play,Did Not Play,Did Not Play,Did Not Play,Did Not Play,Did Not Play,Did Not Play,Did Not Play,Did Not Play,Did Not Play,Did Not Play,Did Not Play,Did Not Play,Did Not Play,Did Not Play,Did Not Play,Did Not Play,Did Not Play,Did Not Play,Did Not Play,Did Not Play,Did Not Play,Did Not Play,Did Not Play,Did Not Play,Did Not Play,Did Not Play,Did Not Play
Team Totals,240,37,77,.481,12,39,.308,22,26,.846,7,39,46,18,6,11,13,22,108,,240,.611,.558,.506,.338,18.9,69.6,49.5,48.6,6.4,19.6,12.8,100.0,114.4,110.1,
