Players,MP,FG,FGA,FG%,3P,3PA,3P%,FT,FTA,FT%,ORB,DRB,TRB,AST,STL,BLK,TOV,PF,PTS,+/-,MP,TS%,eFG%,3PAr,FTr,ORB%,DRB%,TRB%,AST%,STL%,BLK%,TOV%,USG%,ORtg,DRtg,BPM
Mitchell Robinson,37:42,2,6,.333,0,0,,3,4,.750,6,7,13,1,4,4,0,1,7,+11,37:42,.451,.333,.000,.667,16.3,21.2,18.6,3.1,4.9,9.3,0.0,8.4,137,103,4.0
Julius Randle,34:15,4,10,.400,3,7,.429,6,8,.750,2,10,12,9,0,0,3,3,17,+7,34:15,.629,.550,.700,.800,6.0,33.4,18.9,33.7,0.0,0.0,18.2,19.6,131,118,4.4
RJ Barrett,33:54,9,15,.600,3,5,.600,5,6,.833,1,2,3,6,1,0,3,2,26,+6,33:54,.737,.700,.333,.400,3.0,6.7,4.8,28.1,1.4,0.0,14.5,24.7,136,121,6.4
Jalen Brunson,32:42,11,21,.524,8,12,.667,1,2,.500,0,3,3,5,0,0,2,1,31,+13,32:42,.708,.714,.571,.095,0.0,10.5,4.9,27.3,0.0,0.0,8.4,29.6,130,123,8.1
Quentin Grimes,24:57,2,6,.333,2,5,.400,0,0,,1,0,1,1,0,0,1,3,6,+8,24:57,.500,.500,.833,.000,4.1,0.0,2.2,4.9,0.0,0.0,14.3,11.4,99,125,-8.6
Immanuel Quickley,24:09,4,14,.286,1,9,.111,2,2,1.000,0,6,6,6,1,0,4,2,11,-3,24:09,.370,.321,.643,.143,0.0,28.4,13.4,34.0,1.9,0.0,21.2,31.7,81,115,-11.6
Josh Hart,21:41,2,4,.500,0,1,.000,0,0,,0,3,3,0,1,0,0,3,4,-2,21:41,.500,.500,.250,.000,0.0,15.8,7.5,0.0,2.1,0.0,0.0,7.5,101,117,-7.3
Donte DiVincenzo,20:22,6,10,.600,3,5,.600,1,2,.500,1,1,2,1,1,1,2,2,16,-5,20:22,.735,.750,.500,.200,5.0,5.6,5.3,8.2,2.3,4.3,15.5,25.7,117,116,5.8
Isaiah Hartenstein,10:18,3,4,.750,0,0,,2,4,.500,1,1,2,1,1,1,1,4,8,-5,10:18,.694,.750,.000,1.000,9.9,11.1,10.5,16.1,4.5,8.5,14.8,26.6,124,106,2.9
Ryan Arcidiacono,Did Not Play,Did Not Play,Did Not Play,Did Not Play,Did Not Play,Did Not Play,Did Not Play,Did Not Play,Did Not Play,Did Not Play,Did Not Play,Did Not Play,Did Not Play,Did Not Play,Did Not Play,Did Not Play,Did Not Play,Did Not Play,Did Not Play,Did Not Play,Did Not Play,Did Not Play,Did Not Play,Did Not Play,Did Not Play,Did Not Play,Did Not Play,Did Not Play,Did Not Play,Did Not Play,Did Not Play,Did Not Play,Did Not Play,Did Not Play,Did Not Play,Did Not Play
Evan Fournier,Did Not Play,Did Not Play,Did Not Play,Did Not Play,Did Not Play,Did Not Play,Did Not Play,Did Not Play,Did Not Play,Did Not Play,Did Not Play,Did Not Play,Did Not Play,Did Not Play,Did Not Play,Did Not Play,Did Not Play,Did Not Play,Did Not Play,Did Not Play,Did Not Play,Did Not Play,Did Not Play,Did Not Play,Did Not Play,Did Not Play,Did Not Play,Did Not Play,Did Not Play,Did Not Play,Did Not Play,Did Not Play,Did Not Play,Did Not Play,Did Not Play,Did Not Play
DaQuan Jeffries,Did Not Play,Did Not Play,Did Not Play,Did Not Play,Did Not Play,Did Not Play,Did Not Play,Did Not Play,Did Not Play,Did Not Play,Did Not Play,Did Not Play,Did Not Play,Did Not Play,Did Not Play,Did Not Play,Did Not Play,Did Not Play,Did Not Play,Did Not Play,Did Not Play,Did Not Play,Did Not Play,Did Not Play,Did Not Play,Did Not Play,Did Not Play,Did Not Play,Did Not Play,Did Not Play,Did Not Play,Did Not Play,Did Not Play,Did Not Play,Did Not Play,Did Not Play
Miles McBride,Did Not Play,Did Not Play,Did Not Play,Did Not Play,Did Not Play,Did Not Play,Did Not Play,Did Not Play,Did Not Play,Did Not Play,Did Not Play,Did Not Play,Did Not Play,Did Not Play,Did Not Play,Did Not Play,Did Not Play,Did Not Play,Did Not Play,Did Not Play,Did Not Play,Did Not Play,Did Not Play,Did Not Play,Did Not Play,Did Not Play,Did Not Play,Did Not Play,Did Not Play,Did Not Play,Did Not Play,Did Not Play,Did Not Play,Did Not Play,Did Not Play,Did Not Play
Jericho Sims,Did Not Play,Did Not Play,Did Not Play,Did Not Play,Did Not Play,Did Not Play,Did Not Play,Did Not Play,Did Not Play,Did Not Play,Did Not Play,Did Not Play,Did Not Play,Did Not Play,Did Not Play,Did Not Play,Did Not Play,Did Not Play,Did Not Play,Did Not Play,Did Not Play,Did Not Play,Did Not Play,Did Not Play,Did Not Play,Did Not Play,Did Not Play,Did Not Play,Did Not Play,Did Not Play,Did Not Play,Did Not Play,Did Not Play,Did Not Play,Did Not Play,Did Not Play
Dylan Windler,Did Not Play,Did Not Play,Did Not Play,Did Not Play,Did Not Play,Did Not Play,Did Not Play,Did Not Play,Did Not Play,Did Not Play,Did Not Play,Did Not Play,Did Not Play,Did Not Play,Did Not Play,Did Not Play,Did Not Play,Did Not Play,Did Not Play,Did Not Play,Did Not Play,Did Not Play,Did Not Play,Did Not Play,Did Not Play,Did Not Play,Did Not Play,Did Not Play,Did Not Play,Did Not Play,Did Not Play,Did Not Play,Did Not Play,Did Not Play,Did Not Play,Did Not Play
Team Totals,240,43,90,.478,20,44,.455,20,28,.714,12,33,45,30,9,6,16,21,126,,240,.616,.589,.489,.311,25.5,78.6,50.6,69.8,8.7,10.9,13.5,100.0,121.7,115.9,
